src	dst	weight
ENSG00000148584	ENSG00000154265	0.1882546237333742
ENSG00000148584	ENSG00000114771	0.04282121030330655
ENSG00000166535	ENSG00000183044	0.8738314963339756
ENSG00000184389	ENSG00000129673	0.0033770502479172353
ENSG00000184389	ENSG00000115977	0.14328368044365092
ENSG00000128274	ENSG00000114771	0.8510637736449003
