src	dst	weight
ENSG00000148584	ENSG00000165029	0.7673350328467676
ENSG00000166535	ENSG00000114771	0.30990314491515314
ENSG00000166535	ENSG00000107331	0.6063794945985476
ENSG00000184389	ENSG00000198691	0.5626241013790012
ENSG00000128274	ENSG00000165029	0.765869181403019
ENSG00000118017	ENSG00000266967	0.26990437082367824
ENSG00000081760	ENSG00000131043	0.6398135715959278
